Model,Test_Accuracy
RandomForest,0.9722921914357683
GradientBoosting,0.9773299748110831
SVM_RBF,0.9596977329974811
XGBoost,0.9722921914357683
